uuid,favorite,history,days
iZPMG6nQZ9hZCa2BGLVYq6,2422$$サンペールS #4-2 蓋@@10230$$サンケースC350-2 本体@@10500$$サンコータル角 S-0.35K 本体@@10082$$カード差し 175型,10590$$ゼリーカップ60@@10501$$サンコータル角 S-0.35K 蓋@@4669$$カード差し 118型@@9486$$ニューバスケット 把手@@10591$$ゼリーカップ75@@10229$$サンケースC-160-2 本体@@1141$$サンケースMK T-12 本体 / サンペールS #4 蓋@@10600$$洗浄トレー KC-4@@10227$$サンケースC400・C500-2 蓋@@9822$$サンペールK#13T 蓋 4型@@1529$$カード差し M型・カード差し M型(ポリカ) / サンケースMK P-32•34•40 蓋@@4625$$パーツボックス Z-1N 蓋 / パーツボックス Z-1N 蓋 導電@@10232$$サンケースC500-2 本体@@4626$$パーツボックス Z-2N / パーツボックス Z-2N 導電 / パーツボックス Z-2N(RDM)@@5465$$オリコンEP13-B 底面@@4630$$パーツボックス Z-200N / パーツボックス Z-200N 導電PP@@10230$$サンケースC350-2 本体@@4629$$パーツボックス Z-100N 中仕切り@@10500$$サンコータル角 S-0.35K 本体@@4628$$パーツボックス Z-100N / パーツボックス Z-100N 導電PP@@10231$$サンケースC350-2 蓋@@8425$$RS-10 パッキン@@5406$$F-Box 113 長側@@8167$$サンコータル角 S-1.3K-2 本体@@8729$$ハンディボックスM-11 ハンドル 2号型@@10980$$カード差し 157-3型@@10222$$サンペール240 蓋@@10826$$プラテクター S170@@10807$$サンケースC200-4 フタ@@10082$$カード差し 175型,2026年03月10日 07時02分
Vosq9GsGifzG4iwQfyTAdW,5666$$サンコータル角タル 3K 本体@@9821$$ハンディーBOX PRB-2型 フタ,7286$$オリコンP47B 短側板@@8016$$ハリステナーK#10 中蓋@@9027$$サンペールK#50N 蓋 2号型@@2928$$カード差し 74型・カード差し 74型 (QR)@@4442$$NAEGSトレー@@4626$$パーツボックス Z-2N / パーツボックス Z-2N 導電 / パーツボックス Z-2N(RDM)@@4630$$パーツボックス Z-200N / パーツボックス Z-200N 導電PP@@10228$$サンケースC-250-2 本体@@5667$$サンコータル角タル 3K 蓋@@8002$$サンペール#4B 蓋@@10222$$サンペール240 蓋@@10229$$サンケースC-160-2 本体@@2567$$マグネットホルダー アタッチメント@@2428$$サンコータル 1L@@10230$$サンケースC350-2 本体@@9821$$ハンディーBOX PRB-2型 フタ@@5666$$サンコータル角タル 3K 本体@@5671$$袋取っ手 FT-S / 袋取っ手 FT-S 導電,2025年01月14日 20時24分
E9e4Gy5nhgTJtT6pbtKqe4,7240$$ハンディボックスS-2 蓋@@7239$$ハンディボックスS-2 本体@@10117$$アトムバルブ キャップ,6421$$サンペール610 本体@@7240$$ハンディボックスS-2 蓋@@7239$$ハンディボックスS-2 本体@@10119$$アトムバルブ 軸@@1168$$サンケースMK P-29 本体・サンケースMK P-29•蓋@@10229$$サンケースC-160-2 本体@@8700$$オリコンEP29A-C レバー@@10117$$アトムバルブ キャップ@@10231$$サンケースC350-2 蓋@@10600$$洗浄トレー KC-4@@1691$$グロメット 6型,2025年04月15日 16時29分
ZvG9QuKJxfcmZQ9JRqT9Wa,"1194$$サンケースMK CY50•P500,1100 蓋@@10650$$サンケースC250-3 本体",9673$$BIN 段積みパーツ@@6899$$サンペール#4A 蓋@@5358$$サンペール#4 蓋@@1140$$サンケースMK T-12 蓋 / サンペールS #4 本体@@3382$$段ボールジョイントM 本体・段ボールジョイントM 保持パーツ@@1306$$サンケースMK MH-12 本体@@10231$$サンケースC350-2 蓋@@10690$$オリコンEP-64 IFCO JP レバー 4号型@@10230$$サンケースC350-2 本体@@10221$$サンペール240 本体@@2422$$サンペールS #4-2 蓋@@1141$$サンケースMK T-12 本体 / サンペールS #4 蓋@@3468$$カード差し 84型@@4153$$バルブトレー KS-1@@9746$$オリコンラックEP29B-K 扉下@@4622$$パーツボックス Z-0N / パーツボックス Z-0N 導電 / パーツボックス Z-0N(RDM)@@10804$$サンケースC100-2 本体@@10805$$サンケースC100-2 フタ@@10806$$サンケースC200-4 本体@@8406$$オリコンプラ軸ピンB 3号型@@8121$$オリコンEP-SW 軸カバーL4@@5298$$オリコンプラ軸ピンA 3号型@@0059$$M樽角 3K 蓋（爪有り）@@10651$$サンケースC250-3 蓋@@4861$$サンコータル角 3K-MF 蓋 2号型@@10650$$サンケースC250-3 本体@@10501$$サンコータル角 S-0.35K 蓋@@10500$$サンコータル角 S-0.35K 本体@@10807$$サンケースC200-4 フタ@@10826$$プラテクター S170,2026年03月14日 18時08分
PGX6htzhtSrmDhWsx5SXBx,6764$$ハリステナー#3A 本体,6764$$ハリステナー#3A 本体@@10805$$サンケースC100-2 フタ@@10650$$サンケースC250-3 本体@@7058$$コロコンパーツ(ロング)@@9025$$サンケースC120 本体@@10501$$サンコータル角 S-0.35K 蓋@@4658$$プラテクター S265@@5475$$サンボックス22TY 中仕切り@@8002$$サンペール#4B 蓋@@2866$$サンペール#1 蓋@@3533$$オリコンプラ軸ピンA 5×38.5@@10221$$サンペール240 本体@@10222$$サンペール240 蓋@@1050$$筍籠S型 本体@@5310$$ツーリングホルダー UT-40,2026年03月06日 04時56分
RURF6ohrsRCr7bh3nRyPRw,6616$$サンケースC120•C150-3 蓋,6616$$サンケースC120•C150-3 蓋,2026年03月10日 07時05分
HHaTvHfxcfxuAbWqJgqx66,1141$$サンケースMK T-12 本体 / サンペールS #4 蓋,11070$$サンペール#3A ハンドル@@1014$$サンマーカー N用スライド 背面・サンマーカー N用スライド 本体@@2276$$サンコータル角 5K-2@@4623$$パーツボックス Z-0N 蓋 / パーツボックス Z-0N 蓋 導電@@1168$$サンケースMK P-29 本体・サンケースMK P-29•蓋@@1140$$サンケースMK T-12 蓋 / サンペールS #4 本体@@1143$$サンケースMK T-14 本体@@1141$$サンケースMK T-12 本体 / サンペールS #4 蓋@@0271$$野菜籠 4K 2型 蓋・野菜籠 4K 2型 蓋 PP@@0439$$サンコータル 20L 蓋@@1010$$カード差し 28型@@10228$$サンケースC-250-2 本体@@8890$$サンコータル角 S-0.38-3 本体@@7163$$エンジントレーT-8 A•B•C•D@@1636$$サンスペーサー S-2 / サンスペーサー S-3 / サンスペーサー S-5@@1481$$サンケースMK P-40 本体 / 梅用角樽 5K・サンコータル角 5K,2026-03-22 13:19:17
DUQ35hzrqfwJhzMXweVrHf,,10806$$サンケースC200-4 本体@@8016$$ハリステナーK#10 中蓋@@10807$$サンケースC200-4 フタ@@11070$$サンペール#3A ハンドル,2026-03-22 14:35:17
YvBGZzeQiLQWE3RfmaVJ5a,,6449$$ペタンコ41A 持手カバー 2号型,2026-03-22 14:12:03
f4pCA3JfKM5YiK2yxisCuP,10807$$サンケースC200-4 フタ,11070$$サンペール#3A ハンドル@@4861$$サンコータル角 3K-MF 蓋 2号型@@4860$$サンコータル角 3K-MF 本体 2号型@@10807$$サンケースC200-4 フタ,2026-03-22 16:56:37
enchantnora,1971$$サンボックス蓋 2S-2@@10651$$サンケースC250-3 蓋@@10650$$サンケースC250-3 本体@@8425$$RS-10 パッキン@@10807$$サンケースC200-4 フタ@@8121$$オリコンEP-SW 軸カバーL4@@10806$$サンケースC200-4 本体@@0936$$サンコータル 11L@@11065$$オリコンラックEP75B 短側扉用ロック,2385$$プラスチックスライド L•R@@2378$$サンケースC-160 本体@@2379$$サンケースC130•160 蓋@@2389$$サンケースC-180 本体@@2390$$サンケースC-200 本体@@2391$$サンケースC180•200 蓋@@2422$$サンペールS #4-2 蓋@@0936$$サンコータル 11L@@1140$$サンケースMK T-12 蓋 / サンペールS #4 本体@@1142$$サンケースMK T-14 蓋 / サンペールS #4 ハンドル@@1255$$サンボックス#2S 蓋 RDM@@1529$$カード差し M型・カード差し M型(ポリカ) / サンケースMK P-32•34•40 蓋@@1686$$保温ボックス#14M ロック部品A+B@@1691$$グロメット 6型@@2276$$サンコータル角 5K-2@@2277$$サンコータル角 5K-2 蓋@@2307$$カード差し 65型@@2428$$サンコータル 1L@@10826$$プラテクター S170@@9143$$TLコンパレッター#430 側面突起パーツ@@11119$$カード差し 184型@@10227$$サンケースC400・C500-2 蓋@@0442$$ハンディボックス@@10690$$オリコンEP-64 IFCO JP レバー 4号型@@1744$$ショッピングバスケットU-28 ハンドル@@10631$$オリコンEP-64 IFCO JP レバー 2号型@@6068$$プラテクター S195@@10807$$サンケースC200-4 フタ@@10849$$豆腐カップ-70@@11093$$サンコータル角 S-1.2K 本体,2026-08-07 20:20:10
NDzXu6bdSoQtNHfVKocRsx,,8890$$サンコータル角 S-0.38-3 本体,2026-03-24 00:05:54
5gLXBiwZ4bLncBXosV5EPp,,10146$$エコンストッカー　バックルL@@5358$$サンペール#4 蓋@@4325$$サンペール#1 中蓋 2型@@6766$$ハリステナー#3A 中蓋,2026-04-02 08:59:30
U9Husmybd3cpVUwqfaPNxd,,6995$$サンケースK 670 本体@@6996$$サンケースK 670 蓋,2026-03-25 03:52:24
Caxdj72ucQrQe4JKkbZtEZ,,10500$$サンコータル角 S-0.35K 本体@@2880$$PET容器蓋　3型@@6616$$サンケースC120•C150-3 蓋@@4628$$パーツボックス Z-100N / パーツボックス Z-100N 導電PP@@5676$$段プラコーナーパーツ WW-N@@10229$$サンケースC-160-2 本体@@6766$$ハリステナー#3A 中蓋@@8016$$ハリステナーK#10 中蓋@@5669$$孔取っ手　AT-S@@9363$$エンジントレーT-12 C-2•D-2@@5675$$段プラコーナーパーツ WW-R@@0721$$サンバット 3号@@3994$$サンバット#3-2@@3371$$サンケースC-180-2 本体@@1176$$サンケースMK P-41・41-4 蓋@@7763$$ウエハリングスペーサーφ200@@3985$$サンファスナー 3型 2号型@@10052$$針捨てBOX-ナビスはりぽっとん 本体@@7258$$段プラコーナーパーツ SW-B2@@7257$$段プラコーナーパーツ SW-A2@@10054$$針捨てBOX-ナビスはりぽっとん 中フタ@@10053$$針捨てBOX-ナビスはりぽっとん フタ@@5359$$サンペール#4 ハンドル@@10980$$カード差し 157-3型@@1746$$ショッピングバスケットU-33 ハンドル@@4624$$パーツボックス Z-1N / パーツボックス Z-1N 導電 / パーツボックス Z-1N(RDM)@@7863$$エンジントレーT-12 A•B•C•D@@1758$$カード差し 16-M型 / カード差し 16-S型@@3372$$サンケースC-180-2 蓋@@8799$$FSRCスリーブ,2026-08-25 03:26:49
GPexSa6drm6ZLXofauax5n,,11119$$カード差し 184型@@7365$$オリコンEP-SW 軸カバーS2@@10052$$針捨てBOX-ナビスはりぽっとん 本体@@3985$$サンファスナー 3型 2号型@@4750$$サンペール#3 本体@@10849$$豆腐カップ-70@@10366$$オリコンEP 110B Lロック@@6415$$ハンディボックスS 蓋@@6417$$ハンディボックスS ロックパーツ@@4067$$カード差し 99型@@1746$$ショッピングバスケットU-33 ハンドル@@9257$$エコンボックスバックルS@@4175$$カード差し 102型 / カード差し 103型@@4325$$サンペール#1 中蓋 2型@@4775$$サンペールK#13T ハンドル@@1758$$カード差し 16-M型 / カード差し 16-S型@@7239$$ハンディボックスS-2 本体@@10411$$水栓カバーTBC1@@8002$$サンペール#4B 蓋@@2428$$サンコータル 1L@@9560$$プラスチックスライド CNL20 / プラスチックスライド CNL30 / プラスチックスライド CNL60@@5357$$サンペール#4 本体@@7863$$エンジントレーT-12 A•B•C•D@@7012$$プラテクター S200-2@@10591$$ゼリーカップ75@@11066$$サンペール#1A 本体@@2865$$サンペール#1 本体@@1636$$サンスペーサー S-2 / サンスペーサー S-3 / サンスペーサー S-5@@3372$$サンケースC-180-2 蓋@@4622$$パーツボックス Z-0N / パーツボックス Z-0N 導電 / パーツボックス Z-0N(RDM),2026-08-25 08:11:40
FB2ruHL6E2vWMhhSFFFEA3,,11068$$サンペール#3A 本体@@0062$$M樽土産　0.5K-2@@6414$$ハンディボックスS 本体@@1301$$サンケースMK MH-8 本体 / サンケースMK MH-8-1 本体@@0941$$ハンガーラックコンテナー HL-1@@7863$$エンジントレーT-12 A•B•C•D@@1202$$サンケースMK K-4•6 蓋@@0059$$M樽角　3K　蓋（爪有り）@@3371$$サンケースC-180-2 本体@@7239$$ハンディボックスS-2 本体@@8057$$ハンディボックスM-11 ハンドル@@4630$$パーツボックス Z-200N / パーツボックス Z-200N 導電PP@@1178$$サンケースMK P-50N・75 蓋@@1168$$サンケースMK P-29 本体・サンケースMK P-29•蓋@@7489$$ハンディボックスBTO 蓋@@6898$$サンペール#4A 本体@@6423$$サンペール610 中蓋@@6422$$サンペール610 蓋@@6421$$サンペール610 本体@@2865$$サンペール#1 本体@@9000$$プラテクター S140@@4658$$プラテクター S265,2026-08-26 15:12:41
VpTbHuQSUpQzJsrwfW9qZP,,10826$$プラテクター S170@@10832$$エンジントレーT-AE A•B•C•D@@6615$$サンケースC150-3 本体@@2865$$サンペール#1 本体,2026-04-03 03:10:45
SNUi8LQPCSeo56gNK4g67a,,1971$$サンボックス蓋 2S-2,2026-04-04 02:36:00
h3bruMCDsuJFZhdiw7KLnH,,7365$$オリコンEP-SW 軸カバーS2@@6898$$サンペール#4A 本体@@5882$$カード差し 19-3型 2号型@@4175$$カード差し 102型 / カード差し 103型@@7239$$ハンディボックスS-2 本体@@2865$$サンペール#1 本体@@7240$$ハンディボックスS-2 蓋,2026-07-05 20:52:01
mwZn8Kq22VN3UNjCSSkHRR,,6417$$ハンディボックスS ロックパーツ@@8016$$ハリステナーK#10 中蓋@@4751$$サンペール#3 蓋 H / サンペール#3 蓋 S@@11065$$オリコンラックEP75B 短側扉用ロック@@1828$$フェンスジョイント CU型@@4628$$パーツボックス Z-100N / パーツボックス Z-100N 導電PP@@3123$$サンコータル角 S-0.6K 蓋@@10826$$プラテクター S170@@10229$$サンケースC-160-2 本体@@2822$$サンファスナー 4型@@2866$$サンペール#1 蓋@@5675$$段プラコーナーパーツ WW-R@@7257$$段プラコーナーパーツ SW-A2@@8015$$ハリステナーK#10 蓋@@6068$$プラテクター S195@@7365$$オリコンEP-SW 軸カバーS2@@9266$$エコンボックスバックルSS@@2358$$ハンディボックスT ハンドル@@6415$$ハンディボックスS 蓋@@6414$$ハンディボックスS 本体@@10054$$針捨てBOX-ナビスはりぽっとん 中フタ@@4749$$サンコータル角 3K-MF 蓋@@7240$$ハンディボックスS-2 蓋@@5815$$漬物タル 4K-4 蓋@@1746$$ショッピングバスケットU-33 ハンドル@@7239$$ハンディボックスS-2 本体@@0610$$カード差し 16型@@1758$$カード差し 16-M型 / カード差し 16-S型@@10411$$水栓カバーTBC1@@4622$$パーツボックス Z-0N / パーツボックス Z-0N 導電 / パーツボックス Z-0N(RDM),2026-08-25 21:03:31
FN6GLRhLjvGq2Bj9Q8WrjF,,8060$$ツーリングホルダー AS-40@@5358$$サンペール#4 蓋@@8121$$オリコンEP-SW 軸カバーL4@@5311$$ツーリングホルダー UT-30@@4752$$サンペール#3 ハンドル@@10650$$サンケースC250-3 本体@@4122$$サンコータル角 S-0.2K 本体RDM・サンコータル角 S-0.2K 本体@@6615$$サンケースC150-3 本体@@4628$$パーツボックス Z-100N / パーツボックス Z-100N 導電PP@@8740$$サンセパレータ110L@@9688$$プリンカップ 100@@10804$$サンケースC100-2 本体@@8002$$サンペール#4B 蓋@@3372$$サンケースC-180-2 蓋@@10500$$サンコータル角 S-0.35K 本体@@5675$$段プラコーナーパーツ WW-R@@2822$$サンファスナー 4型@@10690$$オリコンEP-64 IFCO JP レバー 4号型,2026-07-11 18:08:10
koyMoB8VYcpE9VPQBg9TDy,,10650$$サンケースC250-3 本体@@9265$$エコンボックス#1.5Hフタ@@3250$$サンロック 1型@@5666$$サンコータル角タル 3K 本体@@5359$$サンペール#4 ハンドル@@5357$$サンペール#4 本体@@4175$$カード差し 102型 / カード差し 103型@@3371$$サンケースC-180-2 本体@@2389$$サンケースC-180 本体@@10501$$サンコータル角 S-0.35K 蓋@@5675$$段プラコーナーパーツ WW-R@@5676$$段プラコーナーパーツ WW-N@@7240$$ハンディボックスS-2 蓋@@8014$$サンペールK#10 ハンドル@@8015$$ハリステナーK#10 蓋@@4341$$サンケースK#420 本体@@10412$$ビスキャップTBC1@@7863$$エンジントレーT-12 A•B•C•D@@9000$$プラテクター S140@@10226$$サンケースC400 本体,2026-08-24 04:45:01
f5QAUnmUuQ7xcnjwYmscWr,,1638$$サンスペーサー S-20@@8178$$コアキャップ ー PP3インチ@@8057$$ハンディボックスM-11 ハンドル@@7258$$段プラコーナーパーツ SW-B2@@6417$$ハンディボックスS ロックパーツ@@3371$$サンケースC-180-2 本体@@2866$$サンペール#1 蓋@@4750$$サンペール#3 本体@@6899$$サンペール#4A 蓋@@6898$$サンペール#4A 本体@@1176$$サンケースMK P-41・41-4 蓋@@1746$$ショッピングバスケットU-33 ハンドル@@7059$$コロコンパーツ(ショート)@@4224$$サンファスナー 2型 2号型@@10832$$エンジントレーT-AE A•B•C•D@@7365$$オリコンEP-SW 軸カバーS2@@8001$$サンペール#4B 本体@@6414$$ハンディボックスS 本体@@10054$$針捨てBOX-ナビスはりぽっとん 中フタ@@6422$$サンペール610 蓋@@9688$$プリンカップ 100@@5357$$サンペール#4 本体@@4341$$サンケースK#420 本体@@10591$$ゼリーカップ75@@1744$$ショッピングバスケットU-28 ハンドル@@3929$$サンバット No.2 (PP) 2号型 / サンバット No.2 (抗菌性) 2号型@@10412$$ビスキャップTBC1@@4752$$サンペール#3 ハンドル@@7763$$ウエハリングスペーサーφ200@@2391$$サンケースC180•200 蓋,2026-08-26 14:23:57
kzv7piBDtTWexyoS6BsD9k,,11093$$サンコータル角 S-1.2K 本体,2026-06-05 01:05:04
G8PZXjwvvqhh5nFuu6Ym7i,,10690$$オリコンEP-64 IFCO JP レバー 4号型,2026-06-06 08:01:23
fXd2UpL3z9Wsbp3hhpD7fq,,10147$$エコンストッカー#1000 キャスターS,2026-06-11 13:25:16
ni9s8oRc8bs8TpdXmeQKp6,,3372$$サンケースC-180-2 蓋@@4355$$サンケースK#580 蓋@@9266$$エコンボックスバックルSS,2026-06-19 17:42:56
DfCTWKyvFNnQeenueCqAvD,,6068$$プラテクター S195,2026-06-28 22:38:12
hCSxcWbzzsNNfBuzWEu6Rz,,11069$$サンペール#3A 蓋,2026-08-18 14:40:15
